{
    "parent": "minecraft:block/carved_pumpkin",
    "textures": {
        "layer0": "minecraft:block/carved_pumpkin"
    },

    "overrides": [
        { "predicate": { "custom_model_data": 1 }, "model": "block/custom/umon_hat" },
        { "predicate": { "custom_model_data": 2 }, "model": "block/custom/mimi_goggles" },
        { "predicate": { "custom_model_data": 3 }, "model": "block/custom/bedrock_hat" },
        { "predicate": { "custom_model_data": 4 }, "model": "block/custom/missing_hat" }
    ]
}
