{
    "parent": "minecraft:item/handheld",
    "textures": { "layer0": "minecraft:item/compass_16" },
    "overrides": [
        { "predicate": { "angle": 0 }, "model": "minecraft:item/compass" },
        { "predicate": { "angle": 0.015625 }, "model": "minecraft:item/compass_17" },
        { "predicate": { "angle": 0.046875 }, "model": "minecraft:item/compass_18" },
        { "predicate": { "angle": 0.078125 }, "model": "minecraft:item/compass_19" },
        { "predicate": { "angle": 0.109375 }, "model": "minecraft:item/compass_20" },
        { "predicate": { "angle": 0.140625 }, "model": "minecraft:item/compass_21" },
        { "predicate": { "angle": 0.171875 }, "model": "minecraft:item/compass_22" },
        { "predicate": { "angle": 0.203125 }, "model": "minecraft:item/compass_23" },
        { "predicate": { "angle": 0.234375 }, "model": "minecraft:item/compass_24" },
        { "predicate": { "angle": 0.265625 }, "model": "minecraft:item/compass_25" },
        { "predicate": { "angle": 0.296875 }, "model": "minecraft:item/compass_26" },
        { "predicate": { "angle": 0.328125 }, "model": "minecraft:item/compass_27" },
        { "predicate": { "angle": 0.359375 }, "model": "minecraft:item/compass_28" },
        { "predicate": { "angle": 0.390625 }, "model": "minecraft:item/compass_29" },
        { "predicate": { "angle": 0.421875 }, "model": "minecraft:item/compass_30" },
        { "predicate": { "angle": 0.453125 }, "model": "minecraft:item/compass_31" },
        { "predicate": { "angle": 0.484375 }, "model": "minecraft:item/compass_00" },
        { "predicate": { "angle": 0.515625 }, "model": "minecraft:item/compass_01" },
        { "predicate": { "angle": 0.546875 }, "model": "minecraft:item/compass_02" },
        { "predicate": { "angle": 0.578125 }, "model": "minecraft:item/compass_03" },
        { "predicate": { "angle": 0.609375 }, "model": "minecraft:item/compass_04" },
        { "predicate": { "angle": 0.640625 }, "model": "minecraft:item/compass_05" },
        { "predicate": { "angle": 0.671875 }, "model": "minecraft:item/compass_06" },
        { "predicate": { "angle": 0.703125 }, "model": "minecraft:item/compass_07" },
        { "predicate": { "angle": 0.734375 }, "model": "minecraft:item/compass_08" },
        { "predicate": { "angle": 0.765625 }, "model": "minecraft:item/compass_09" },
        { "predicate": { "angle": 0.796875 }, "model": "minecraft:item/compass_10" },
        { "predicate": { "angle": 0.828125 }, "model": "minecraft:item/compass_11" },
        { "predicate": { "angle": 0.859375 }, "model": "minecraft:item/compass_12" },
        { "predicate": { "angle": 0.890625 }, "model": "minecraft:item/compass_13" },
        { "predicate": { "angle": 0.921875 }, "model": "minecraft:item/compass_14" },
        { "predicate": { "angle": 0.953125 }, "model": "minecraft:item/compass_15" },
        { "predicate": { "angle": 0.984375 }, "model": "minecraft:item/compass" },
        { "predicate": { "custom_model_data": 7733267, "angle": 0 }, "model": "vane_trifles:item/north_compass_16" },
        {
            "predicate": { "custom_model_data": 7733267, "angle": 0.015625 },
            "model": "vane_trifles:item/north_compass_17"
        },
        {
            "predicate": { "custom_model_data": 7733267, "angle": 0.046875 },
            "model": "vane_trifles:item/north_compass_18"
        },
        {
            "predicate": { "custom_model_data": 7733267, "angle": 0.078125 },
            "model": "vane_trifles:item/north_compass_19"
        },
        {
            "predicate": { "custom_model_data": 7733267, "angle": 0.109375 },
            "model": "vane_trifles:item/north_compass_20"
        },
        {
            "predicate": { "custom_model_data": 7733267, "angle": 0.140625 },
            "model": "vane_trifles:item/north_compass_21"
        },
        {
            "predicate": { "custom_model_data": 7733267, "angle": 0.171875 },
            "model": "vane_trifles:item/north_compass_22"
        },
        {
            "predicate": { "custom_model_data": 7733267, "angle": 0.203125 },
            "model": "vane_trifles:item/north_compass_23"
        },
        {
            "predicate": { "custom_model_data": 7733267, "angle": 0.234375 },
            "model": "vane_trifles:item/north_compass_24"
        },
        {
            "predicate": { "custom_model_data": 7733267, "angle": 0.265625 },
            "model": "vane_trifles:item/north_compass_25"
        },
        {
            "predicate": { "custom_model_data": 7733267, "angle": 0.296875 },
            "model": "vane_trifles:item/north_compass_26"
        },
        {
            "predicate": { "custom_model_data": 7733267, "angle": 0.328125 },
            "model": "vane_trifles:item/north_compass_27"
        },
        {
            "predicate": { "custom_model_data": 7733267, "angle": 0.359375 },
            "model": "vane_trifles:item/north_compass_28"
        },
        {
            "predicate": { "custom_model_data": 7733267, "angle": 0.390625 },
            "model": "vane_trifles:item/north_compass_29"
        },
        {
            "predicate": { "custom_model_data": 7733267, "angle": 0.421875 },
            "model": "vane_trifles:item/north_compass_30"
        },
        {
            "predicate": { "custom_model_data": 7733267, "angle": 0.453125 },
            "model": "vane_trifles:item/north_compass_31"
        },
        {
            "predicate": { "custom_model_data": 7733267, "angle": 0.484375 },
            "model": "vane_trifles:item/north_compass_00"
        },
        {
            "predicate": { "custom_model_data": 7733267, "angle": 0.515625 },
            "model": "vane_trifles:item/north_compass_01"
        },
        {
            "predicate": { "custom_model_data": 7733267, "angle": 0.546875 },
            "model": "vane_trifles:item/north_compass_02"
        },
        {
            "predicate": { "custom_model_data": 7733267, "angle": 0.578125 },
            "model": "vane_trifles:item/north_compass_03"
        },
        {
            "predicate": { "custom_model_data": 7733267, "angle": 0.609375 },
            "model": "vane_trifles:item/north_compass_04"
        },
        {
            "predicate": { "custom_model_data": 7733267, "angle": 0.640625 },
            "model": "vane_trifles:item/north_compass_05"
        },
        {
            "predicate": { "custom_model_data": 7733267, "angle": 0.671875 },
            "model": "vane_trifles:item/north_compass_06"
        },
        {
            "predicate": { "custom_model_data": 7733267, "angle": 0.703125 },
            "model": "vane_trifles:item/north_compass_07"
        },
        {
            "predicate": { "custom_model_data": 7733267, "angle": 0.734375 },
            "model": "vane_trifles:item/north_compass_08"
        },
        {
            "predicate": { "custom_model_data": 7733267, "angle": 0.765625 },
            "model": "vane_trifles:item/north_compass_09"
        },
        {
            "predicate": { "custom_model_data": 7733267, "angle": 0.796875 },
            "model": "vane_trifles:item/north_compass_10"
        },
        {
            "predicate": { "custom_model_data": 7733267, "angle": 0.828125 },
            "model": "vane_trifles:item/north_compass_11"
        },
        {
            "predicate": { "custom_model_data": 7733267, "angle": 0.859375 },
            "model": "vane_trifles:item/north_compass_12"
        },
        {
            "predicate": { "custom_model_data": 7733267, "angle": 0.890625 },
            "model": "vane_trifles:item/north_compass_13"
        },
        {
            "predicate": { "custom_model_data": 7733267, "angle": 0.921875 },
            "model": "vane_trifles:item/north_compass_14"
        },
        {
            "predicate": { "custom_model_data": 7733267, "angle": 0.953125 },
            "model": "vane_trifles:item/north_compass_15"
        },
        {
            "predicate": { "custom_model_data": 7733267, "angle": 0.984375 },
            "model": "vane_trifles:item/north_compass_16"
        }
    ]
}
