{
    "credit": "Made with Blockbench",
    "texture_size": [32, 32],
    "textures": {
        "0": "block/cobbie_guitar",
        "particle": "block/cobbie_guitar"
    },
    "elements": [
        {
            "from": [2, 0, 15],
            "to": [5, 1, 16],
            "rotation": { "angle": 0, "axis": "y", "origin": [15, 0, 0] },
            "faces": {
                "north": { "uv": [5, 6, 6.5, 6.5], "texture": "#0" },
                "east": { "uv": [4.5, 8, 5, 8.5], "texture": "#0" },
                "south": { "uv": [0, 6.5, 1.5, 7], "texture": "#0" },
                "west": { "uv": [5, 8, 5.5, 8.5], "texture": "#0" },
                "up": { "uv": [4.5, 7, 3, 6.5], "texture": "#0" },
                "down": { "uv": [6, 6.5, 4.5, 7], "texture": "#0" }
            }
        },
        {
            "from": [9, 0, 7],
            "to": [10, 1, 8],
            "rotation": { "angle": 0, "axis": "y", "origin": [15, 0, 0] },
            "faces": {
                "north": { "uv": [3.5, 8.5, 4, 9], "texture": "#0" },
                "east": { "uv": [4, 8.5, 4.5, 9], "texture": "#0" },
                "south": { "uv": [8.5, 4, 9, 4.5], "texture": "#0" },
                "west": { "uv": [4.5, 8.5, 5, 9], "texture": "#0" },
                "up": { "uv": [9, 5, 8.5, 4.5], "texture": "#0" },
                "down": { "uv": [5.5, 8.5, 5, 9], "texture": "#0" }
            }
        },
        {
            "from": [12, 0, 1],
            "to": [16, 1, 3],
            "rotation": { "angle": 0, "axis": "y", "origin": [15, 0, 0] },
            "faces": {
                "north": { "uv": [6, 1.5, 8, 2], "texture": "#0" },
                "east": { "uv": [2, 8, 3, 8.5], "texture": "#0" },
                "south": { "uv": [3, 6, 5, 6.5], "texture": "#0" },
                "west": { "uv": [3, 8, 4, 8.5], "texture": "#0" },
                "up": { "uv": [2, 5, 0, 4], "texture": "#0" },
                "down": { "uv": [4, 4, 2, 5], "texture": "#0" }
            }
        },
        {
            "from": [10, 0, 4],
            "to": [12, 1, 6],
            "rotation": { "angle": 0, "axis": "y", "origin": [15, 0, 0] },
            "faces": {
                "north": { "uv": [0, 8, 1, 8.5], "texture": "#0" },
                "east": { "uv": [8, 0, 9, 0.5], "texture": "#0" },
                "south": { "uv": [1, 8, 2, 8.5], "texture": "#0" },
                "west": { "uv": [8, 1.5, 9, 2], "texture": "#0" },
                "up": { "uv": [7, 1.5, 6, 0.5], "texture": "#0" },
                "down": { "uv": [3, 6, 2, 7], "texture": "#0" }
            }
        },
        {
            "from": [13, 0, 0],
            "to": [16, 1, 1],
            "rotation": { "angle": 0, "axis": "y", "origin": [15, 0, 0] },
            "faces": {
                "north": { "uv": [7.5, 2.5, 9, 3], "texture": "#0" },
                "east": { "uv": [0, 9, 0.5, 9.5], "texture": "#0" },
                "south": { "uv": [3, 7.5, 4.5, 8], "texture": "#0" },
                "west": { "uv": [9, 0, 9.5, 0.5], "texture": "#0" },
                "up": { "uv": [9, 3.5, 7.5, 3], "texture": "#0" },
                "down": { "uv": [9, 3.5, 7.5, 4], "texture": "#0" }
            }
        },
        {
            "from": [12, 0, 3],
            "to": [15, 1, 4],
            "rotation": { "angle": 0, "axis": "y", "origin": [15, 0, 0] },
            "faces": {
                "north": { "uv": [6, 7, 7.5, 7.5], "texture": "#0" },
                "east": { "uv": [8.5, 8, 9, 8.5], "texture": "#0" },
                "south": { "uv": [0, 7.5, 1.5, 8], "texture": "#0" },
                "west": { "uv": [8.5, 8.5, 9, 9], "texture": "#0" },
                "up": { "uv": [3, 8, 1.5, 7.5], "texture": "#0" },
                "down": { "uv": [9, 2, 7.5, 2.5], "texture": "#0" }
            }
        },
        {
            "from": [12, 0, 4],
            "to": [13, 1, 5],
            "rotation": { "angle": 0, "axis": "y", "origin": [15, 0, 0] },
            "faces": {
                "north": { "uv": [8.5, 6.5, 9, 7], "texture": "#0" },
                "east": { "uv": [7, 8.5, 7.5, 9], "texture": "#0" },
                "south": { "uv": [8.5, 7, 9, 7.5], "texture": "#0" },
                "west": { "uv": [7.5, 8.5, 8, 9], "texture": "#0" },
                "up": { "uv": [9, 8, 8.5, 7.5], "texture": "#0" },
                "down": { "uv": [8.5, 8.5, 8, 9], "texture": "#0" }
            }
        },
        {
            "from": [11, 0, 3],
            "to": [12, 1, 4],
            "rotation": { "angle": 0, "axis": "y", "origin": [15, 0, 0] },
            "faces": {
                "north": { "uv": [8.5, 5, 9, 5.5], "texture": "#0" },
                "east": { "uv": [5.5, 8.5, 6, 9], "texture": "#0" },
                "south": { "uv": [8.5, 5.5, 9, 6], "texture": "#0" },
                "west": { "uv": [6, 8.5, 6.5, 9], "texture": "#0" },
                "up": { "uv": [9, 6.5, 8.5, 6], "texture": "#0" },
                "down": { "uv": [7, 8.5, 6.5, 9], "texture": "#0" }
            }
        },
        {
            "from": [9, 0, 5],
            "to": [10, 1, 6],
            "rotation": { "angle": 0, "axis": "y", "origin": [15, 0, 0] },
            "faces": {
                "north": { "uv": [1, 8.5, 1.5, 9], "texture": "#0" },
                "east": { "uv": [8.5, 1, 9, 1.5], "texture": "#0" },
                "south": { "uv": [1.5, 8.5, 2, 9], "texture": "#0" },
                "west": { "uv": [2, 8.5, 2.5, 9], "texture": "#0" },
                "up": { "uv": [3, 9, 2.5, 8.5], "texture": "#0" },
                "down": { "uv": [3.5, 8.5, 3, 9], "texture": "#0" }
            }
        },
        {
            "from": [8, 0, 6],
            "to": [11, 1, 7],
            "rotation": { "angle": 0, "axis": "y", "origin": [15, 0, 0] },
            "faces": {
                "north": { "uv": [7, 1, 8.5, 1.5], "texture": "#0" },
                "east": { "uv": [0.5, 8.5, 1, 9], "texture": "#0" },
                "south": { "uv": [1.5, 7, 3, 7.5], "texture": "#0" },
                "west": { "uv": [8.5, 0.5, 9, 1], "texture": "#0" },
                "up": { "uv": [4.5, 7.5, 3, 7], "texture": "#0" },
                "down": { "uv": [6, 7, 4.5, 7.5], "texture": "#0" }
            }
        },
        {
            "from": [5, 0, 6],
            "to": [7, 1, 7],
            "rotation": { "angle": 0, "axis": "y", "origin": [15, 0, 0] },
            "faces": {
                "north": { "uv": [6.5, 7.5, 7.5, 8], "texture": "#0" },
                "east": { "uv": [8, 8, 8.5, 8.5], "texture": "#0" },
                "south": { "uv": [7.5, 6.5, 8.5, 7], "texture": "#0" },
                "west": { "uv": [0, 8.5, 0.5, 9], "texture": "#0" },
                "up": { "uv": [8.5, 7.5, 7.5, 7], "texture": "#0" },
                "down": { "uv": [8.5, 7.5, 7.5, 8], "texture": "#0" }
            }
        },
        {
            "from": [4, 0, 7],
            "to": [9, 1, 9],
            "rotation": { "angle": 0, "axis": "y", "origin": [15, 0, 0] },
            "faces": {
                "north": { "uv": [2.5, 5.5, 5, 6], "texture": "#0" },
                "east": { "uv": [7.5, 4, 8.5, 4.5], "texture": "#0" },
                "south": { "uv": [5, 5.5, 7.5, 6], "texture": "#0" },
                "west": { "uv": [4.5, 7.5, 5.5, 8], "texture": "#0" },
                "up": { "uv": [6, 1, 3.5, 0], "texture": "#0" },
                "down": { "uv": [6, 1, 3.5, 2], "texture": "#0" }
            }
        },
        {
            "from": [7, 0, 11],
            "to": [9, 1, 12],
            "rotation": { "angle": 0, "axis": "y", "origin": [15, 0, 0] },
            "faces": {
                "north": { "uv": [7.5, 4.5, 8.5, 5], "texture": "#0" },
                "east": { "uv": [7, 8, 7.5, 8.5], "texture": "#0" },
                "south": { "uv": [7.5, 5, 8.5, 5.5], "texture": "#0" },
                "west": { "uv": [7.5, 8, 8, 8.5], "texture": "#0" },
                "up": { "uv": [6.5, 8, 5.5, 7.5], "texture": "#0" },
                "down": { "uv": [8.5, 5.5, 7.5, 6], "texture": "#0" }
            }
        },
        {
            "from": [7, 0, 10],
            "to": [10, 1, 11],
            "rotation": { "angle": 0, "axis": "y", "origin": [15, 0, 0] },
            "faces": {
                "north": { "uv": [6, 6.5, 7.5, 7], "texture": "#0" },
                "east": { "uv": [8, 6, 8.5, 6.5], "texture": "#0" },
                "south": { "uv": [6.5, 6, 8, 6.5], "texture": "#0" },
                "west": { "uv": [6.5, 8, 7, 8.5], "texture": "#0" },
                "up": { "uv": [1.5, 7.5, 0, 7], "texture": "#0" },
                "down": { "uv": [8.5, 0.5, 7, 1], "texture": "#0" }
            }
        },
        {
            "from": [1, 0, 9],
            "to": [9, 1, 10],
            "rotation": { "angle": 0, "axis": "y", "origin": [15, 0, 0] },
            "faces": {
                "north": { "uv": [3.5, 2, 7.5, 2.5], "texture": "#0" },
                "east": { "uv": [5.5, 8, 6, 8.5], "texture": "#0" },
                "south": { "uv": [3.5, 2.5, 7.5, 3], "texture": "#0" },
                "west": { "uv": [6, 8, 6.5, 8.5], "texture": "#0" },
                "up": { "uv": [7.5, 3.5, 3.5, 3], "texture": "#0" },
                "down": { "uv": [7.5, 3.5, 3.5, 4], "texture": "#0" }
            }
        },
        {
            "from": [1, 0, 14],
            "to": [6, 1, 15],
            "rotation": { "angle": 0, "axis": "y", "origin": [15, 0, 0] },
            "faces": {
                "north": { "uv": [0, 5, 2.5, 5.5], "texture": "#0" },
                "east": { "uv": [1.5, 6.5, 2, 7], "texture": "#0" },
                "south": { "uv": [2.5, 5, 5, 5.5], "texture": "#0" },
                "west": { "uv": [4, 8, 4.5, 8.5], "texture": "#0" },
                "up": { "uv": [7.5, 5.5, 5, 5], "texture": "#0" },
                "down": { "uv": [2.5, 5.5, 0, 6], "texture": "#0" }
            }
        },
        {
            "from": [0, 0, 10],
            "to": [7, 1, 14],
            "rotation": { "angle": 0, "axis": "y", "origin": [15, 0, 0] },
            "faces": {
                "north": { "uv": [4, 4, 7.5, 4.5], "texture": "#0" },
                "east": { "uv": [0, 6, 2, 6.5], "texture": "#0" },
                "south": { "uv": [4, 4.5, 7.5, 5], "texture": "#0" },
                "west": { "uv": [6, 0, 8, 0.5], "texture": "#0" },
                "up": { "uv": [3.5, 2, 0, 0], "texture": "#0" },
                "down": { "uv": [3.5, 2, 0, 4], "texture": "#0" }
            }
        }
    ],
    "display": {
        "thirdperson_righthand": {
            "rotation": [-133.27, -0.8, 84.53],
            "translation": [-7.75, 4, 1.75]
        },
        "thirdperson_lefthand": {
            "rotation": [-40.05, -1, 92.94],
            "translation": [-7.75, 4, 3.5]
        },
        "firstperson_righthand": {
            "rotation": [170.17, 15.89, 93.14],
            "translation": [-6.5, 3.5, 0.25]
        },
        "firstperson_lefthand": {
            "rotation": [-112.48, 12.91, 78.47],
            "translation": [-6, 4.25, 0]
        },
        "ground": {
            "rotation": [89, -11.83, -12.04],
            "translation": [0, 4.5, 7.75]
        },
        "gui": {
            "rotation": [74, 0, 0],
            "translation": [0, 1.75, 0],
            "scale": [0.9, 0.9, 0.9]
        },
        "fixed": {
            "rotation": [92.48, 0.34, -179.88],
            "translation": [0.5, 0, -7.5]
        }
    }
}
