{
    "credit": "Made by Raycifer",
    "textures": {
        "0": "block/hamayumi",
        "1": "block/bow_charge/full_charge"
    },
    "elements": [
        {
            "from": [7.5, 7, 7],
            "to": [8.5, 11.5, 8],
            "rotation": { "angle": 0, "axis": "y", "origin": [8, 9.25, 7.5] },
            "faces": {
                "north": { "uv": [9, 2, 8, 6.5], "texture": "#0" },
                "east": { "uv": [8, 2, 9, 6.5], "texture": "#0" },
                "south": { "uv": [9, 2, 8, 6.5], "texture": "#0" },
                "west": { "uv": [8, 2, 9, 6.5], "texture": "#0" },
                "up": { "uv": [0, 0, 0, 0], "texture": "#0" },
                "down": { "uv": [0, 0, 0, 0], "texture": "#0" }
            }
        },
        {
            "from": [7, 4, 5.25],
            "to": [9, 6, 6.25],
            "rotation": { "angle": 45, "axis": "z", "origin": [8, 5, 5.75] },
            "faces": {
                "north": { "uv": [0.5, 2.5, 2.5, 4.5], "texture": "#0" },
                "east": { "uv": [0, 2.5, 1, 4.5], "texture": "#0" },
                "south": { "uv": [2.5, 2.5, 4.5, 4.5], "texture": "#0" },
                "west": { "uv": [2, 2.5, 3, 4.5], "texture": "#0" },
                "up": { "uv": [1, 2.5, 0, 4.5], "rotation": 90, "texture": "#0" },
                "down": { "uv": [0, 4.5, 1, 2.5], "rotation": 90, "texture": "#0" }
            }
        },
        {
            "from": [7.5, 5.85, 6.91],
            "to": [8.5, 6.85, 7.91],
            "rotation": { "angle": -45, "axis": "x", "origin": [8, 5.5, 7.5] },
            "faces": {
                "north": { "uv": [0.5, 1, 1, 2.5], "texture": "#0" },
                "east": { "uv": [1.5, 2.5, 0.5, 1.5], "rotation": 90, "texture": "#0" },
                "south": { "uv": [0, 0, 0, 0], "texture": "#0" },
                "west": { "uv": [1.5, 1.5, 0.5, 2.5], "rotation": 90, "texture": "#0" },
                "up": { "uv": [1.5, 1.5, 1, 2.5], "rotation": 180, "texture": "#0" },
                "down": { "uv": [0, 0, 0, 0], "texture": "#0" }
            }
        },
        {
            "from": [7.5, 5.85, 5.91],
            "to": [8.5, 6.85, 6.91],
            "rotation": { "angle": -45, "axis": "x", "origin": [8, 5.5, 7.5] },
            "faces": {
                "north": { "uv": [0, 1.5, 0.5, 2.5], "texture": "#0" },
                "east": { "uv": [0, 1.5, 0.5, 2.5], "texture": "#0" },
                "south": { "uv": [0, 1.5, 0.5, 2.5], "texture": "#0" },
                "west": { "uv": [0, 1.5, 0.5, 2.5], "texture": "#0" },
                "up": { "uv": [0, 1.5, 0.5, 2.5], "texture": "#0" },
                "down": { "uv": [0, 1.5, 0.5, 2.5], "texture": "#0" }
            }
        },
        {
            "from": [7.5, 5.85, 7.91],
            "to": [8.5, 6.85, 8.41],
            "rotation": { "angle": -45, "axis": "x", "origin": [8, 5.5, 7.5] },
            "faces": {
                "north": { "uv": [0, 0, 0, 0], "texture": "#0" },
                "east": { "uv": [1.5, 1, 0.5, 1.5], "rotation": 90, "texture": "#0" },
                "south": { "uv": [0, 0, 0, 0], "rotation": 90, "texture": "#0" },
                "west": { "uv": [1.5, 1, 0.5, 1.5], "rotation": 90, "texture": "#0" },
                "up": { "uv": [0, 0, 0, 0], "texture": "#0" },
                "down": { "uv": [0.5, 2, 1, 2.5], "texture": "#0" }
            }
        },
        {
            "from": [7.5, 5.85, 8.41],
            "to": [8.5, 6.35, 8.91],
            "rotation": { "angle": -45, "axis": "x", "origin": [8, 5.5, 7.5] },
            "faces": {
                "north": { "uv": [0, 0, 0, 0], "texture": "#0" },
                "east": { "uv": [0.5, 0.5, 1, 1], "texture": "#0" },
                "south": { "uv": [0, 0, 0, 0], "texture": "#0" },
                "west": { "uv": [0.5, 0.5, 1, 1], "texture": "#0" },
                "up": { "uv": [0, 0, 0, 0], "texture": "#0" },
                "down": { "uv": [0.5, 0.5, 1, 1], "texture": "#0" }
            }
        },
        {
            "from": [7.25, 1.6, 6.41],
            "to": [8.75, 6.1, 7.91],
            "rotation": { "angle": -45, "axis": "x", "origin": [8, 5.5, 7.5] },
            "faces": {
                "north": { "uv": [1.5, 6.5, 0, 11], "texture": "#0" },
                "east": { "uv": [2.5, 6.5, 1, 11], "texture": "#0" },
                "south": { "uv": [2, 6.5, 3.5, 11], "texture": "#0" },
                "west": { "uv": [1, 6.5, 2.5, 11], "texture": "#0" },
                "up": { "uv": [1, 6.5, 2.5, 7], "rotation": 90, "texture": "#0" },
                "down": { "uv": [0, 6.5, 1.5, 5], "texture": "#0" }
            }
        },
        {
            "from": [7.5, 0.42344, 9.5],
            "to": [8.5, 2.92344, 10.5],
            "rotation": { "angle": -22.5, "axis": "x", "origin": [8, 2.69121, 10.18151] },
            "faces": {
                "north": { "uv": [4, 6.5, 3.5, 9], "texture": "#0" },
                "east": { "uv": [4.5, 6.5, 3.5, 9], "texture": "#0" },
                "south": { "uv": [4.5, 6.5, 4, 9], "texture": "#0" },
                "west": { "uv": [3.5, 6.5, 4.5, 9], "texture": "#0" },
                "up": { "uv": [0, 0, 0, 0], "texture": "#0" },
                "down": { "uv": [4.5, 8.5, 3.5, 9], "rotation": 90, "texture": "#0" }
            }
        },
        {
            "from": [7.75, -1.57656, 10.75],
            "to": [8.25, 1.92344, 11.25],
            "rotation": { "angle": 0, "axis": "y", "origin": [8, 2.69121, 10.18151] },
            "faces": {
                "north": { "uv": [4.5, 12.5, 5, 16], "texture": "#0" },
                "east": { "uv": [4.5, 12.5, 5, 16], "texture": "#0" },
                "south": { "uv": [4.5, 12.5, 5, 16], "texture": "#0" },
                "west": { "uv": [4.5, 12.5, 5, 16], "texture": "#0" },
                "up": { "uv": [4.5, 13, 5, 12.5], "texture": "#0" },
                "down": { "uv": [4.5, 16, 5, 15.5], "texture": "#0" }
            }
        },
        {
            "from": [7.25, 12, 4.75],
            "to": [8.75, 12.5, 7.25],
            "rotation": { "angle": -22.5, "axis": "x", "origin": [8, 11.75, 8.5] },
            "faces": {
                "north": { "uv": [4.5, 2, 4, 2.5], "texture": "#0" },
                "east": { "uv": [2, 2, 4.5, 2.5], "texture": "#0" },
                "south": { "uv": [0, 0, 0, 0], "texture": "#0" },
                "west": { "uv": [4.5, 2, 2, 2.5], "texture": "#0" },
                "up": { "uv": [4.5, 2.5, 2, 2], "rotation": 90, "texture": "#0" },
                "down": { "uv": [2, 2.5, 4.5, 2], "rotation": 90, "texture": "#0" }
            }
        },
        {
            "from": [7, 11, 6.75],
            "to": [9, 14, 7.75],
            "rotation": { "angle": 22.5, "axis": "x", "origin": [8, 12.5, 8.5] },
            "faces": {
                "north": { "uv": [11, 1, 13, 4], "texture": "#0" },
                "east": { "uv": [10.5, 1, 11.5, 4], "texture": "#0" },
                "south": { "uv": [9, 1, 11, 4], "texture": "#0" },
                "west": { "uv": [13, 1, 14, 4], "texture": "#0" },
                "up": { "uv": [11, 1, 13, 0], "texture": "#0" },
                "down": { "uv": [9, 1, 11, 0], "texture": "#0" }
            }
        },
        {
            "from": [7.5, 9.15, 7.05],
            "to": [8.5, 12.15, 8.05],
            "rotation": { "angle": 45, "axis": "x", "origin": [8, 12.5, 8.5] },
            "faces": {
                "north": { "uv": [5.5, 2, 6.5, 4.5], "texture": "#0" },
                "east": { "uv": [5, 2, 6, 4.5], "texture": "#0" },
                "south": { "uv": [4.5, 2, 5.5, 4.5], "texture": "#0" },
                "west": { "uv": [6, 2, 7, 4.5], "texture": "#0" },
                "up": { "uv": [0, 0, 0, 0], "texture": "#0" },
                "down": { "uv": [6.5, 4.5, 7, 4], "texture": "#0" }
            }
        },
        {
            "from": [7.75, 9.9, 8.05],
            "to": [8.25, 12.9, 9.05],
            "rotation": { "angle": 45, "axis": "x", "origin": [8, 12.5, 8.5] },
            "faces": {
                "north": { "uv": [7, 5, 7.5, 7.5], "texture": "#0" },
                "east": { "uv": [8, 5, 7, 7.5], "texture": "#0" },
                "south": { "uv": [7.5, 5, 8, 7.5], "texture": "#0" },
                "west": { "uv": [7, 5, 8, 7.5], "texture": "#0" },
                "up": { "uv": [7, 5, 8, 5.5], "rotation": 90, "texture": "#0" },
                "down": { "uv": [8, 7.5, 7, 7], "rotation": 90, "texture": "#0" }
            }
        },
        {
            "from": [7.25, 14.15, 7.9],
            "to": [8.75, 15.15, 8.9],
            "rotation": { "angle": -22.5, "axis": "x", "origin": [8, 12.5, 8.5] },
            "faces": {
                "north": { "uv": [4.5, 5.5, 6, 6.5], "texture": "#0" },
                "east": { "uv": [7, 4.5, 6, 5.5], "texture": "#0" },
                "south": { "uv": [4.5, 6.5, 6, 7.5], "texture": "#0" },
                "west": { "uv": [6, 4.5, 7, 5.5], "texture": "#0" },
                "up": { "uv": [4.5, 5.5, 6, 4.5], "texture": "#0" },
                "down": { "uv": [9, 1, 11, 0], "texture": "#0" }
            }
        },
        {
            "from": [7.25, 4.5, 13.5],
            "to": [8.75, 6, 18],
            "rotation": { "angle": -45, "axis": "x", "origin": [0.75, 0.75, 2.25] },
            "faces": {
                "north": { "uv": [4, 12, 4.5, 13.5], "texture": "#0" },
                "east": { "uv": [0, 12, 4.5, 13.5], "texture": "#0" },
                "south": { "uv": [0, 12, 0.5, 13.5], "texture": "#0" },
                "west": { "uv": [4.5, 12, 0, 13.5], "texture": "#0" },
                "up": { "uv": [0, 11, 4.5, 12.5], "rotation": 90, "texture": "#0" },
                "down": { "uv": [0, 13, 4.5, 14.5], "rotation": 90, "texture": "#0" }
            }
        },
        {
            "from": [7.5, 14.43145, 9.9033],
            "to": [8.5, 16.93145, 10.9033],
            "rotation": { "angle": 22.5, "axis": "x", "origin": [8, 15.68145, 10.4033] },
            "faces": {
                "north": { "uv": [4, 9, 3.5, 6.5], "texture": "#0" },
                "east": { "uv": [4.5, 9, 3.5, 6.5], "texture": "#0" },
                "south": { "uv": [4.5, 9, 4, 6.5], "texture": "#0" },
                "west": { "uv": [3.5, 9, 4.5, 6.5], "texture": "#0" },
                "up": { "uv": [3.5, 8.5, 4.5, 9], "rotation": 90, "texture": "#0" },
                "down": { "uv": [0, 0, 0, 0], "texture": "#0" }
            }
        },
        {
            "from": [7.75, 1.9, 11],
            "to": [8.25, 15.4, 11.001],
            "faces": {
                "north": { "uv": [15.5, 0, 16, 13.5], "texture": "#0" },
                "east": { "uv": [0, 0, 0, 0], "texture": "#0" },
                "south": { "uv": [15.5, 0, 16, 13.5], "texture": "#0" },
                "west": { "uv": [0, 0, 0, 0], "texture": "#0" },
                "up": { "uv": [0, 0, 0, 0], "texture": "#0" },
                "down": { "uv": [0, 0, 0, 0], "texture": "#0" }
            }
        },
        {
            "from": [7.5, -4, 7.25],
            "to": [8.5, -2, 7.75],
            "rotation": { "angle": -45, "axis": "x", "origin": [0.75, 0.75, 0.75] },
            "faces": {
                "north": { "uv": [4, 0, 5, 2], "texture": "#0" },
                "east": { "uv": [4.5, 0, 4, 2], "texture": "#0" },
                "south": { "uv": [4, 0, 5, 2], "texture": "#0" },
                "west": { "uv": [4.5, 0, 5, 2], "texture": "#0" },
                "up": { "uv": [5, 0, 4, 0.5], "texture": "#0" },
                "down": { "uv": [5, 1.5, 4, 2], "texture": "#0" }
            }
        },
        {
            "from": [7.5, 0.62132, 8.67462],
            "to": [8.5, 2.12132, 8.67562],
            "rotation": { "angle": -22.5, "axis": "x", "origin": [8, 2.87132, 8.17462] },
            "faces": {
                "north": { "uv": [7, 2, 8, 3.5], "texture": "#0" },
                "east": { "uv": [0, 0, 0, 0], "texture": "#0" },
                "south": { "uv": [8, 2, 7, 3.5], "texture": "#0" },
                "west": { "uv": [0, 0, 0, 0], "texture": "#0" },
                "up": { "uv": [0, 0, 0, 0], "texture": "#0" },
                "down": { "uv": [0, 0, 0, 0], "texture": "#0" }
            }
        },
        {
            "from": [7.5, 0.81162, 8.78984],
            "to": [8.5, 2.31162, 8.79084],
            "rotation": { "angle": 0, "axis": "y", "origin": [8, 2.67684, 8.71059] },
            "faces": {
                "north": { "uv": [7, 2, 8, 3.5], "texture": "#0" },
                "east": { "uv": [0, 0, 0, 0], "texture": "#0" },
                "south": { "uv": [8, 2, 7, 3.5], "texture": "#0" },
                "west": { "uv": [0, 0, 0, 0], "texture": "#0" },
                "up": { "uv": [0, 0, 0, 0], "texture": "#0" },
                "down": { "uv": [0, 0, 0, 0], "texture": "#0" }
            }
        },
        {
            "from": [7.5, -0.68838, 8.78984],
            "to": [8.5, 0.81162, 8.79084],
            "rotation": { "angle": 22.5, "axis": "x", "origin": [8, 0.81162, 8.78984] },
            "faces": {
                "north": { "uv": [7, 3.5, 8, 5], "texture": "#0" },
                "east": { "uv": [0, 0, 0, 0], "texture": "#0" },
                "south": { "uv": [8, 3.5, 7, 5], "texture": "#0" },
                "west": { "uv": [0, 0, 0, 0], "texture": "#0" },
                "up": { "uv": [0, 0, 0, 0], "texture": "#0" },
                "down": { "uv": [0, 0, 0, 0], "texture": "#0" }
            }
        },
        {
            "from": [7.5, -0.5, 9.49],
            "to": [8.5, 1, 9.491],
            "rotation": { "angle": 0, "axis": "y", "origin": [8, 2.67684, 8.71059] },
            "faces": {
                "north": { "uv": [7, 3.5, 8, 5], "texture": "#0" },
                "east": { "uv": [0, 0, 0, 0], "texture": "#0" },
                "south": { "uv": [8, 3.5, 7, 5], "texture": "#0" },
                "west": { "uv": [0, 0, 0, 0], "texture": "#0" },
                "up": { "uv": [0, 0, 0, 0], "texture": "#0" },
                "down": { "uv": [0, 0, 0, 0], "texture": "#0" }
            }
        },
        {
            "from": [8, 2.25, 6],
            "to": [8.001, 4.25, 8],
            "faces": {
                "north": { "uv": [0, 0, 0, 0], "texture": "#0" },
                "east": { "uv": [1.5, 0, 3.5, 2], "texture": "#0" },
                "south": { "uv": [0, 0, 0, 0], "texture": "#0" },
                "west": { "uv": [3.5, 0, 1.5, 2], "texture": "#0" },
                "up": { "uv": [0, 0, 0, 0], "texture": "#0" },
                "down": { "uv": [0, 0, 0, 0], "texture": "#0" }
            }
        },
        {
            "from": [9.5, 11.46421, 6.92942],
            "to": [9.501, 12.96421, 10.42942],
            "rotation": { "angle": 22.5, "axis": "y", "origin": [9, 12.21421, 8.67942] },
            "faces": {
                "north": { "uv": [0, 0, 0, 1.5], "texture": "#0" },
                "east": { "uv": [0, 14.5, 3.5, 16], "texture": "#0" },
                "south": { "uv": [0, 0, 0, 1.5], "texture": "#0" },
                "west": { "uv": [3.5, 14.5, 0, 16], "texture": "#0" },
                "up": { "uv": [0, 0, 0, 3.5], "texture": "#0" },
                "down": { "uv": [0, 0, 0, 3.5], "texture": "#0" }
            }
        },
        {
            "from": [6.5, 11.46421, 6.92942],
            "to": [6.501, 12.96421, 10.42942],
            "rotation": { "angle": -22.5, "axis": "y", "origin": [7, 12.21421, 8.67942] },
            "faces": {
                "north": { "uv": [0, 0, 0, 1.5], "texture": "#0" },
                "east": { "uv": [0, 14.5, 3.5, 16], "texture": "#0" },
                "south": { "uv": [0, 0, 0, 1.5], "texture": "#0" },
                "west": { "uv": [3.5, 14.5, 0, 16], "texture": "#0" },
                "up": { "uv": [0, 0, 0, 3.5], "texture": "#0" },
                "down": { "uv": [0, 0, 0, 3.5], "texture": "#0" }
            }
        },
        {
            "from": [5, 5.5, 4.75],
            "to": [11, 11.5, 4.751],
            "faces": {
                "north": { "uv": [14, 2, 2, 14], "texture": "#1" },
                "east": { "uv": [0, 0, 0, 0], "texture": "#1" },
                "south": { "uv": [2, 2, 14, 14], "texture": "#1" },
                "west": { "uv": [0, 0, 0, 0], "texture": "#1" },
                "up": { "uv": [0, 0, 0, 0], "texture": "#1" },
                "down": { "uv": [0, 0, 0, 0], "texture": "#1" }
            }
        },
        {
            "from": [5, 8.5, 1.75],
            "to": [11, 8.501, 7.75],
            "faces": {
                "north": { "uv": [0, 0, 0, 0], "texture": "#1" },
                "east": { "uv": [0, 0, 0, 0], "texture": "#1" },
                "south": { "uv": [0, 0, 0, 0], "texture": "#1" },
                "west": { "uv": [0, 0, 0, 0], "texture": "#1" },
                "up": { "uv": [14, 2, 2, 14], "texture": "#1" },
                "down": { "uv": [2, 2, 14, 14], "texture": "#1" }
            }
        },
        {
            "from": [8, 5.5, 1.75],
            "to": [8.001, 11.5, 7.75],
            "faces": {
                "north": { "uv": [0, 0, 0, 0], "texture": "#1" },
                "east": { "uv": [14, 14, 2, 2], "texture": "#1" },
                "south": { "uv": [0, 0, 0, 0], "texture": "#1" },
                "west": { "uv": [14, 14, 2, 2], "texture": "#1" },
                "up": { "uv": [0, 0, 0, 0], "texture": "#1" },
                "down": { "uv": [0, 0, 0, 0], "texture": "#1" }
            }
        },
        {
            "from": [7, -4, 7.5],
            "to": [7, -2, 9.5],
            "rotation": { "angle": -45, "axis": "x", "origin": [0.75, 0.75, 0.75] },
            "faces": {
                "north": { "uv": [0, 0, 0, 0], "texture": "#0" },
                "east": { "uv": [7.5, 0, 5.5, 2], "texture": "#0" },
                "south": { "uv": [0, 0, 0, 0], "texture": "#0" },
                "west": { "uv": [5.5, 0, 7.5, 2], "texture": "#0" },
                "up": { "uv": [0, 0, 0, 0], "texture": "#0" },
                "down": { "uv": [0, 0, 0, 0], "texture": "#0" }
            }
        },
        {
            "from": [7, -4, 9.5],
            "to": [9, -2, 9.5],
            "rotation": { "angle": -45, "axis": "x", "origin": [0.75, 0.75, 0.75] },
            "faces": {
                "north": { "uv": [7, 0, 9, 2], "texture": "#0" },
                "east": { "uv": [0, 0, 0, 0], "texture": "#0" },
                "south": { "uv": [7, 0, 9, 2], "texture": "#0" },
                "west": { "uv": [0, 0, 0, 0], "texture": "#0" },
                "up": { "uv": [0, 0, 0, 0], "texture": "#0" },
                "down": { "uv": [0, 0, 0, 0], "texture": "#0" }
            }
        },
        {
            "from": [7, -4, 7.5],
            "to": [9, -2, 7.5],
            "rotation": { "angle": -45, "axis": "x", "origin": [0.75, 0.75, 0.75] },
            "faces": {
                "north": { "uv": [3.5, 0, 5.5, 2], "texture": "#0" },
                "east": { "uv": [0, 0, 0, 0], "texture": "#0" },
                "south": { "uv": [3.5, 0, 5.5, 2], "texture": "#0" },
                "west": { "uv": [0, 0, 0, 0], "texture": "#0" },
                "up": { "uv": [0, 0, 0, 0], "texture": "#0" },
                "down": { "uv": [0, 0, 0, 0], "texture": "#0" }
            }
        },
        {
            "from": [9, -4, 7.5],
            "to": [9, -2, 9.5],
            "rotation": { "angle": -45, "axis": "x", "origin": [0.75, 0.75, 0.75] },
            "faces": {
                "north": { "uv": [0, 0, 0, 0], "texture": "#0" },
                "east": { "uv": [7.5, 0, 5.5, 2], "texture": "#0" },
                "south": { "uv": [0, 0, 0, 0], "texture": "#0" },
                "west": { "uv": [5.5, 0, 7.5, 2], "texture": "#0" },
                "up": { "uv": [0, 0, 0, 0], "texture": "#0" },
                "down": { "uv": [0, 0, 0, 0], "texture": "#0" }
            }
        },
        {
            "from": [7, 6.5, 6.5],
            "to": [9, 7, 8.5],
            "faces": {
                "north": { "uv": [4.5, 6, 2.5, 6.5], "texture": "#0" },
                "east": { "uv": [4, 4.5, 4.5, 6.5], "rotation": 90, "texture": "#0" },
                "south": { "uv": [2.5, 4.5, 4.5, 5], "texture": "#0" },
                "west": { "uv": [4, 4.5, 4.5, 6.5], "rotation": 90, "texture": "#0" },
                "up": { "uv": [4.5, 4.5, 2.5, 6.5], "rotation": 180, "texture": "#0" },
                "down": { "uv": [2.5, 4.5, 4.5, 6.5], "texture": "#0" }
            }
        },
        {
            "from": [7.75, 15.42344, 10.75],
            "to": [8.25, 18.92344, 11.25],
            "rotation": { "angle": 0, "axis": "y", "origin": [8, 2.69121, 10.18151] },
            "faces": {
                "north": { "uv": [4.5, 16, 5, 12.5], "texture": "#0" },
                "east": { "uv": [4.5, 16, 5, 12.5], "texture": "#0" },
                "south": { "uv": [4.5, 16, 5, 12.5], "texture": "#0" },
                "west": { "uv": [4.5, 16, 5, 12.5], "texture": "#0" },
                "up": { "uv": [4.5, 16, 5, 15.5], "texture": "#0" },
                "down": { "uv": [4.5, 13, 5, 12.5], "texture": "#0" }
            }
        }
    ],
    "display": {
        "thirdperson_righthand": {
            "translation": [0, -3.75, 0.5],
            "scale": [2, 2, 2]
        },
        "thirdperson_lefthand": {
            "translation": [0, -3.5, 0.5],
            "scale": [2, 2, 2]
        },
        "firstperson_righthand": {
            "rotation": [5, -22, -6],
            "translation": [13, 0, -13],
            "scale": [2, 2, 2]
        },
        "firstperson_lefthand": {
            "rotation": [5, -22, -6],
            "translation": [13, 0, -13],
            "scale": [2, 2, 2]
        },
        "ground": {
            "rotation": [45, 45, 0],
            "translation": [0, 5, 0]
        },
        "gui": {
            "rotation": [-20, 160, 30],
            "translation": [-1, 0.75, 0]
        },
        "fixed": {
            "rotation": [0, 90, 0],
            "translation": [0, -0.5, -1.5]
        }
    },
    "groups": [
        0,
        1,
        2,
        3,
        4,
        5,
        6,
        7,
        8,
        9,
        10,
        11,
        12,
        13,
        14,
        15,
        16,
        17,
        18,
        19,
        20,
        21,
        22,
        23,
        24,
        {
            "name": "charge",
            "origin": [0, 0, 0],
            "color": 0,
            "children": [25, 26, 27]
        },
        {
            "name": "binding",
            "origin": [0.75, 0.75, 0.75],
            "color": 0,
            "children": [28, 29, 30, 31]
        },
        32,
        33
    ]
}
