{
    "credit": "Made with Blockbench",
    "texture_size": [64, 64],
    "textures": {
        "1": "block/mimi_goggles",
        "particle": "block/mimi_goggles"
    },
    "elements": [
        {
            "name": "strap",
            "from": [3.65, 5, 3.5],
            "to": [12.35, 6, 13],
            "rotation": { "angle": 22.5, "axis": "x", "origin": [8, 6.5, 8] },
            "faces": {
                "north": { "uv": [2.25, 2.25, 4.25, 2.5], "texture": "#1" },
                "east": { "uv": [0, 2.25, 2.25, 2.5], "texture": "#1" },
                "south": { "uv": [6.5, 2.25, 8.5, 2.5], "texture": "#1" },
                "west": { "uv": [4.25, 2.25, 6.5, 2.5], "texture": "#1" },
                "up": { "uv": [4.25, 2.25, 2.25, 0], "texture": "#1" },
                "down": { "uv": [6.25, 0, 4.25, 2.25], "texture": "#1" }
            }
        },
        {
            "name": "goggle2",
            "from": [8.7, 6.2, 2.75],
            "to": [11.3, 8.8, 3.75],
            "rotation": { "angle": 22.5, "axis": "x", "origin": [8, 7, 3.25] },
            "faces": {
                "north": { "uv": [0.25, 0.25, 0.75, 0.75], "texture": "#1" },
                "east": { "uv": [0, 0.25, 0.25, 0.75], "texture": "#1" },
                "south": { "uv": [1, 0.25, 1.5, 0.75], "texture": "#1" },
                "west": { "uv": [0.75, 0.25, 1, 0.75], "texture": "#1" },
                "up": { "uv": [0.75, 0.25, 0.25, 0], "texture": "#1" },
                "down": { "uv": [1.25, 0, 0.75, 0.25], "texture": "#1" }
            }
        },
        {
            "name": "lens2",
            "from": [9.1, 6.6, 2.25],
            "to": [10.9, 8.4, 3.25],
            "rotation": { "angle": 22.5, "axis": "x", "origin": [8, 7, 3.25] },
            "faces": {
                "north": { "uv": [0.25, 1, 0.5, 1.25], "texture": "#1" },
                "east": { "uv": [0, 1, 0.25, 1.25], "texture": "#1" },
                "south": { "uv": [0.75, 1, 1, 1.25], "texture": "#1" },
                "west": { "uv": [0.5, 1, 0.75, 1.25], "texture": "#1" },
                "up": { "uv": [0.5, 1, 0.25, 0.75], "texture": "#1" },
                "down": { "uv": [0.75, 0.75, 0.5, 1], "texture": "#1" }
            }
        },
        {
            "name": "lens1",
            "from": [5.1, 6.6, 2.25],
            "to": [6.9, 8.4, 3.25],
            "rotation": { "angle": 22.5, "axis": "x", "origin": [8, 7, 3.25] },
            "faces": {
                "north": { "uv": [0.25, 1, 0.5, 1.25], "texture": "#1" },
                "east": { "uv": [0, 1, 0.25, 1.25], "texture": "#1" },
                "south": { "uv": [0.75, 1, 1, 1.25], "texture": "#1" },
                "west": { "uv": [0.5, 1, 0.75, 1.25], "texture": "#1" },
                "up": { "uv": [0.5, 1, 0.25, 0.75], "texture": "#1" },
                "down": { "uv": [0.75, 0.75, 0.5, 1], "texture": "#1" }
            }
        },
        {
            "name": "goggle1",
            "from": [4.7, 6.2, 2.75],
            "to": [7.3, 8.8, 3.75],
            "rotation": { "angle": 22.5, "axis": "x", "origin": [8, 7, 3.25] },
            "faces": {
                "north": { "uv": [0.25, 0.25, 0.75, 0.75], "texture": "#1" },
                "east": { "uv": [0, 0.25, 0.25, 0.75], "texture": "#1" },
                "south": { "uv": [1, 0.25, 1.5, 0.75], "texture": "#1" },
                "west": { "uv": [0.75, 0.25, 1, 0.75], "texture": "#1" },
                "up": { "uv": [0.75, 0.25, 0.25, 0], "texture": "#1" },
                "down": { "uv": [1.25, 0, 0.75, 0.25], "texture": "#1" }
            }
        }
    ],
    "display": {
        "thirdperson_righthand": {
            "scale": [0.5, 0.5, 0.5]
        },
        "thirdperson_lefthand": {
            "scale": [0.6, 0.6, 0.6]
        },
        "gui": {
            "rotation": [-180, 5.25, -180],
            "translation": [0, 2.75, 0],
            "scale": [1.6, 1.6, 1.6]
        },
        "head": {
            "translation": [0, 6.5, 0.25],
            "scale": [1.7, 1.7, 1.7]
        }
    },
    "groups": [
        {
            "name": "head",
            "origin": [0, 0, 0],
            "color": 0,
            "children": [0, 1]
        },
        {
            "name": "goggles",
            "origin": [0, 0, 0],
            "color": 0,
            "children": [2, 3, 4, 5, 6]
        }
    ]
}
