{
    "credit": "Made with Blockbench",
    "texture_size": [32, 32],
    "textures": {
        "0": "block/umon_hat",
        "particle": "block/umon_hat"
    },
    "elements": [
        {
            "name": "Hat2",
            "from": [6.75, 11, 6.75],
            "to": [9.25, 14.5, 9.25],
            "rotation": { "angle": -22.5, "axis": "z", "origin": [8, 11.7, 8] },
            "faces": {
                "north": { "uv": [3.5, 4, 5, 6], "texture": "#0" },
                "east": { "uv": [5, 4, 6.5, 6], "texture": "#0" },
                "south": { "uv": [5.5, 0, 7, 2], "texture": "#0" },
                "west": { "uv": [5.5, 2, 7, 4], "texture": "#0" },
                "up": { "uv": [5, 7.5, 3.5, 6], "texture": "#0" },
                "down": { "uv": [6.5, 6, 5, 7.5], "texture": "#0" }
            }
        },
        {
            "name": "Hat3",
            "from": [7.5, 13, 7.25],
            "to": [9, 16, 8.75],
            "rotation": { "angle": -45, "axis": "z", "origin": [8.75, 13.25, 8] },
            "faces": {
                "north": { "uv": [2, 7, 3, 8.5], "texture": "#0" },
                "east": { "uv": [7, 2, 8, 3.5], "texture": "#0" },
                "south": { "uv": [6.5, 7, 7.5, 8.5], "texture": "#0" },
                "west": { "uv": [3, 7.5, 4, 9], "texture": "#0" },
                "up": { "uv": [5, 8.5, 4, 7.5], "texture": "#0" },
                "down": { "uv": [6, 7.5, 5, 8.5], "texture": "#0" }
            }
        },
        {
            "name": "Hat1",
            "from": [6, 10, 6],
            "to": [10, 12, 10],
            "faces": {
                "north": { "uv": [6.5, 4, 8.5, 5], "texture": "#0" },
                "east": { "uv": [6.5, 5, 8.5, 6], "texture": "#0" },
                "south": { "uv": [6.5, 6, 8.5, 7], "texture": "#0" },
                "west": { "uv": [0, 7, 2, 8], "texture": "#0" },
                "up": { "uv": [5.5, 2, 3.5, 0], "texture": "#0" },
                "down": { "uv": [5.5, 2, 3.5, 4], "texture": "#0" }
            }
        },
        {
            "name": "Brim",
            "from": [4.5, 9, 4.5],
            "to": [11.5, 10, 11.5],
            "faces": {
                "north": { "uv": [7, 0, 10.5, 0.5], "texture": "#0" },
                "east": { "uv": [7, 0.5, 10.5, 1], "texture": "#0" },
                "south": { "uv": [7, 1, 10.5, 1.5], "texture": "#0" },
                "west": { "uv": [7, 1.5, 10.5, 2], "texture": "#0" },
                "up": { "uv": [3.5, 3.5, 0, 0], "texture": "#0" },
                "down": { "uv": [3.5, 3.5, 0, 7], "texture": "#0" }
            }
        }
    ],
    "display": {
        "gui": {
            "rotation": [2.88, 55.98, 24.18],
            "translation": [1, -5.5, 0],
            "scale": [1.5, 1.5, 1.5]
        },
        "head": {
            "rotation": [2.75, -90, 0],
            "translation": [0, 6.25, -0.5],
            "scale": [1.6, 1.6, 1.6]
        },
        "fixed": {
            "translation": [0, -6.25, -0.5],
            "scale": [1.6, 1.6, 1.6]
        }
    }
}
